"","road","home","lineopen","lineavg","line","linemedian","phcover","phwin","diff","my_pred","my_pred_id","my_abs_diff"
"1","Colorado St.","Nevada",3,11.773563103,3,11.205,0.6465772591,0.7575342376,8.773563103,"Nevada","home",8.773563103
"2","Kent","Miami (Ohio)",-3,1.7359246766,-5,1.887,0.6147224405,0.5418046094,6.7359246766,"Miami (Ohio)","home",6.7359246766
"3","Auburn","Georgia",29.5,23.613454951,29.5,23.586199475,0.400102383,0.9205318594,-5.886545049,"Auburn","road",5.886545049
"4","Washington","Arizona St.",-13,-8.300404343,-13.5,-8.14,0.5867195451,0.3167682192,5.199595657,"Arizona St.","home",5.199595657
"5","Texas","Oklahoma",-5,-1.84331994,-6.5,-1.23,0.579693471,0.4558382221,4.65668006,"Oklahoma","home",4.65668006
"6","Western Kentucky","Texas-San Antonio",6.5,1.9334562148,6.5,1.395,0.4214289934,0.5467792101,-4.5665437852,"Western Kentucky","road",4.5665437852
"7","Ohio St.","Michigan St.",-24.5,-20.97730572,-25.5,-20.35,0.5768963433,0.1064922501,4.52269428,"Michigan St.","home",4.52269428
"8","Nebraska","Rutgers",-3,0.9769964394,-3,-0.45,0.5674502972,0.522953843,3.9769964394,"Rutgers","home",3.9769964394
"9","North Carolina","Miami (Fla.)",4,1.0181777785,4,1.05,0.4485162466,0.5246628716,-2.9818222215,"North Carolina","road",2.9818222215
"10","Washington St.","USC",12,9.0246596954,12,9.37,0.4493237416,0.7033076993,-2.9753403046,"Washington St.","road",2.9753403046
"11","Tennessee","LSU",-3.5,0.449367584,-2.5,0.69,0.5511098196,0.5109680715,2.949367584,"LSU","home",2.949367584
"12","Connecticut","Florida Intl.",-4,-7.416778254,-4.5,-6.93,0.450521132,0.3316546421,-2.916778254,"Connecticut","road",2.916778254
"13","Army","Wake Forest",16,18.898267969,16,18.37,0.5492124721,0.8667734093,2.898267969,"Wake Forest","home",2.898267969
"14","Florida St.","NC St.",3.5,6.3621446375,3.5,6.28,0.550033748,0.6539600842,2.8621446375,"NC St.","home",2.8621446375
"15","Coastal Carolina","Louisiana-Monroe",-14,-11.81484331,-14.5,-12.1,0.5463822169,0.2364699449,2.68515669,"Louisiana-Monroe","home",2.68515669
"16","Missouri","Florida",10,7.3597055917,10,7.5,0.4540864064,0.6747156602,-2.6402944083,"Missouri","road",2.6402944083
"17","Texas Tech","Oklahoma St.",10,12.308995942,10,12.56,0.5397544144,0.7709845425,2.308995942,"Oklahoma St.","home",2.308995942
"18","Eastern Mich.","Western Mich.",5,7.2405236295,5,7.6,0.5388551093,0.6709994636,2.2405236295,"Western Mich.","home",2.2405236295
"19","East Carolina","Tulane",2.5,4.5980758664,2.5,3.475,0.536233208,0.6097667319,2.0980758664,"Tulane","home",2.0980758664
"20","Kansas St.","Iowa St.",-1,0.0665397061,-2,-0.325,0.5358890881,0.501626779,2.0665397061,"Iowa St.","home",2.0665397061
"21","SMU","Central Florida",3,4.985120606,3,5.435,0.5345971952,0.6208040613,1.985120606,"Central Florida","home",1.985120606
"22","Georgia Southern","Georgia St.",2.5,0.6293674244,2.5,-0.0148,0.4685966674,0.514407583,-1.8706325756,"Georgia Southern","road",1.8706325756
"23","TCU","Kansas",-5,-4.230208355,-6,-5.96075,0.5303034777,0.4005234547,1.769791645,"Kansas","home",1.769791645
"24","South Florida","Cincinnati",28,29.616200153,28,28.683588777,0.5277192117,0.9615778453,1.616200153,"Cincinnati","home",1.616200153
"25","Southern Miss.","Troy St.",6.5,8.0679876015,6.5,8,0.5272750179,0.6898608805,1.5679876015,"Troy St.","home",1.5679876015
"26","Fresno St.","Boise St.",7,8.5360521115,7,9.72,0.5267006017,0.6996633849,1.5360521115,"Boise St.","home",1.5360521115
"27","Michigan","Indiana",-21,-19.98271791,-21.5,-19.77,0.5259348354,0.1178460884,1.51728209,"Indiana","home",1.51728209
"28","UNLV","San Jose St.",5.5,4.190940563,5.5,4.05,0.477133232,0.6023380136,-1.309059437,"UNLV","road",1.309059437
"29","Iowa","Illinois",3.5,4.7981856831,3.5,3.4387764252,0.5218751123,0.6091258831,1.2981856831,"Illinois","home",1.2981856831
"30","Appalachian St.","Texas St.",-18.5,-17.72874906,-19,-17.5,0.5218364609,0.1441996859,1.27125094,"Texas St.","home",1.27125094
"31","Toledo","Northern Ill.",-6,-4.388463506,-5.5,-4.295,0.5193706454,0.3934753249,1.111536494,"Northern Ill.","home",1.111536494
"32","Ball St.","Central Mich.",8.5,7.531868646,8.5,7.2432816087,0.4832363641,0.6765020733,-0.968131354,"Ball St.","road",0.968131354
"33","Louisville","Virginia",-3.5,-4.462301621,-3.5,-4.3771,0.4832604725,0.3921273727,-0.962301621,"Louisville","road",0.962301621
"34","Air Force","Utah St.",-9.5,-10.91145628,-10,-10.635,0.484205394,0.2532192762,-0.911456279999999,"Air Force","road",0.911456279999999
"35","Virginia Tech","Pittsburgh",14.5,15.352546358,14.5,15.6984,0.5148052171,0.8260504458,0.852546358,"Pittsburgh","home",0.852546358
"36","Buffalo","Bowling Green",-2,-2.802309017,-2,-4.485,0.4861594027,0.4328541937,-0.802309017,"Buffalo","road",0.802309017
"37","Houston","Memphis",3,3.6768271005,3,3.205,0.5117137073,0.5883361328,0.6768271005,"Memphis","home",0.6768271005
"38","Duke","Georgia Tech",-3.5,-2.340487894,-3,-3.284538114,0.5112410492,0.4451248756,0.659512106,"Georgia Tech","home",0.659512106
"39","Liberty","Massachusetts",-25,-25.89196903,-26.5,-26.19,0.5104517965,0.0603925346,0.608030970000002,"Massachusetts","home",0.608030970000002
"40","Hawaii","San Diego St.",19.5,20.103220579,19.5,19.23075,0.5103161373,0.8835251495,0.603220578999998,"San Diego St.","home",0.603220578999998
"41","Tulsa","Navy",-4.5,-5.095231644,-4.5,-5,0.4896152584,0.3766357117,-0.595231644,"Tulsa","road",0.595231644
"42","Akron","Ohio",11.5,12.088152285,11.5,12.35,0.5102588094,0.771976913,0.588152285,"Ohio","home",0.588152285
"43","Oregon St.","Stanford",-6.5,-6.439964677,-7,-5.92,0.5097327297,0.3467083572,0.560035323,"Stanford","home",0.560035323
"44","Oregon","Arizona",-11.5,-12.53737129,-12,-12.375,0.4906263128,0.2197177808,-0.537371289999999,"Oregon","road",0.537371289999999
"45","Wyoming","New Mexico",-3,-2.972695498,-3.5,-3.045,0.5091586693,0.4278838353,0.527304502,"New Mexico","home",0.527304502
"46","UTEP","Louisiana Tech",3,2.5067202929,3,2.8735,0.4915472437,0.5593379812,-0.4932797071,"UTEP","road",0.4932797071
"47","Purdue","Maryland",3,2.5454908128,3,2.16,0.4920767342,0.5622863551,-0.4545091872,"Purdue","road",0.4545091872
"48","Clemson","Boston College",-21,-20.06126018,-20.5,-21.195,0.5072693392,0.1309310103,0.438739819999999,"Boston College","home",0.438739819999999
"49","South Carolina","Kentucky",10.5,10.912068373,10.5,11,0.507185559,0.7493425154,0.412068373,"Kentucky","home",0.412068373
"50","James Madison","Arkansas St.",-10.5,-10.84391052,-10.5,-10.4,0.4941052712,0.2591075179,-0.34391052,"James Madison","road",0.34391052
"51","Mississippi","Vanderbilt",-18.5,-18.18820759,-18.5,-18.975,0.5053770002,0.1364154444,0.311792409999999,"Vanderbilt","home",0.311792409999999
"52","Middle Tenn.","UAB",9,9.286919225,9,9.375,0.5050101553,0.7169558243,0.286919225,"UAB","home",0.286919225
"53","Texas A&M","Alabama",24,24.195386256,24,23.535,0.5033361128,0.9237766426,0.195386255999999,"Alabama","home",0.195386255999999
"54","Wisconsin","Northwestern",-8,-10.17176819,-10,-10.507,0.497018416,0.2672666298,-0.17176819,"Wisconsin","road",0.17176819
"55","Utah","UCLA",-3.5,-4.670181803,-4.5,-6.2,0.4971044005,0.391902879,-0.170181803,"Utah","road",0.170181803
"56","Arkansas","Mississippi St.",7,6.8803624108,7,6.2420745265,0.4979396252,0.6604501195,-0.1196375892,"Arkansas","road",0.1196375892
"57","BYU","Notre Dame",4,3.8891920851,4,4.628,0.4980920578,0.5924125056,-0.1108079149,"BYU","road",0.1108079149
